{
  "attack": {
    "AVS": -0.5397975871033732,
    "AZ Alkmaar": 0.2619661577864579,
    "Ajax": 0.31343990491918183,
    "Alaves": -0.35633189874138715,
    "Almere City": -0.4208869514762587,
    "Almeria": 0.1547215713634161,
    "Angers": -0.3566320485462697,
    "Arouca": 0.07382008346086434,
    "Arsenal": 0.3384563958631239,
    "Aston Villa": 0.22213214893213867,
    "Atalanta": 0.49885833163338666,
    "Ath Bilbao": 0.0198168893884397,
    "Ath Madrid": 0.5013528236841749,
    "Augsburg": -0.3997636196450757,
    "Auxerre": 0.13601210884015882,
    "Barcelona": 0.7719188707031062,
    "Bayern Munich": 0.7649192303240703,
    "Benfica": 0.7760258610981837,
    "Betis": 0.39522754624874695,
    "Birmingham": -0.008778033926161296,
    "Blackburn": -0.038554182503862416,
    "Boavista": -0.32963927293340184,
    "Bochum": -0.21272074625756995,
    "Bologna": 0.23690140800560244,
    "Bournemouth": 0.11493312160349181,
    "Brentford": 0.3652409163486506,
    "Brest": 0.2037591695351178,
    "Brighton": 0.4983041415804097,
    "Bristol City": 0.09909564938118026,
    "Burnley": 0.393567842888083,
    "Cadiz": -0.10271051829338548,
    "Cagliari": 0.019589452479599877,
    "Cardiff": -0.15517450370006133,
    "Casa Pia": -0.0583668292843725,
    "Celta": 0.34040307490321225,
    "Chaves": -0.067601528929861,
    "Chelsea": 0.09976153670839676,
    "Clermont": -0.03774544827976554,
    "Como": 0.17611720480682289,
    "Coventry": 0.17768894861045983,
    "Crystal Palace": 0.2783932532916726,
    "Darmstadt": -0.14177728127841796,
    "Derby": -0.18629002972976877,
    "Dortmund": 0.6500582136326386,
    "Ein Frankfurt": 0.3992625504109083,
    "Empoli": -0.16914156714466932,
    "Espanol": -0.032622710495796334,
    "Estoril": 0.4259413079879519,
    "Estrela": -0.7796017326985512,
    "Everton": 0.020113001808009002,
    "Excelsior": 0.07707473823714793,
    "FC Koln": -0.04533125838605478,
    "Famalicao": 0.24677669093207713,
    "Farense": -0.21586878028388132,
    "Feyenoord": 0.5551864164995498,
    "Fiorentina": 0.32130797587490306,
    "For Sittard": -0.3693853076034124,
    "Freiburg": 0.15316383498491934,
    "Frosinone": -0.08248159383405225,
    "Fulham": 0.16471141150092572,
    "Genoa": 0.033981272816416115,
    "Getafe": -0.17040247356852267,
    "Gil Vicente": -0.1940842685712495,
    "Girona": -0.1976395186976234,
    "Go Ahead Eagles": 0.23187729335004062,
    "Granada": -0.03615119390943999,
    "Groningen": 0.1826214458503005,
    "Guimaraes": 0.16522509390589157,
    "Heerenveen": 0.020952299319827238,
    "Heidenheim": -0.2633752728062747,
    "Heracles": 0.044750795405823295,
    "Hoffenheim": 0.19636916144870148,
    "Holstein Kiel": 0.18381703802639246,
    "Huddersfield": -0.07883898703406063,
    "Hull": -0.29382707796818774,
    "Inter": 0.4376822561607642,
    "Ipswich": -0.20917866326426077,
    "Juventus": 0.21394904795968603,
    "Las Palmas": -0.33207653960954275,
    "Lazio": 0.19275365532396027,
    "Le Havre": 0.23164026664029747,
    "Lecce": -0.35009152927640846,
    "Leeds": 0.58751128166922,
    "Leganes": 0.00809013984614577,
    "Leicester": -0.4425831975733391,
    "Lens": 0.1039515667935804,
    "Leverkusen": 0.4255238418962804,
    "Lille": 0.14437354138620404,
    "Liverpool": 0.5673023309787097,
    "Lorient": 0.0459644559613758,
    "Luton": -0.082544811234339,
    "Lyon": 0.4645779214949606,
    "M'gladbach": 0.26093104109890297,
    "Mainz": 0.23670996432970995,
    "Mallorca": -0.3301599652052529,
    "Man City": 0.40558533330992247,
    "Man United": -0.0038338011603385644,
    "Marseille": 0.5713719065586527,
    "Metz": -0.009895484552643039,
    "Middlesbrough": -0.06423972478197543,
    "Milan": 0.3761869410796717,
    "Millwall": -0.09101843211802027,
    "Monaco": 0.3585178187476782,
    "Montpellier": -0.9889478391998974,
    "Monza": -0.5719893949587251,
    "Moreirense": 0.04689010329583716,
    "NAC Breda": -0.38305740424756207,
    "Nacional": -0.12288568109667947,
    "Nantes": -0.09316174589134894,
    "Napoli": 0.2017050912277964,
    "Newcastle": 0.4520115951275423,
    "Nice": 0.45340036702206304,
    "Nijmegen": 0.24847548147730805,
    "Norwich": 0.22720640446663135,
    "Nott'm Forest": 0.1807801742955844,
    "Osasuna": 0.16569412145048365,
    "Oxford": -0.07168377342719166,
    "PSV Eindhoven": 0.8654740816809482,
    "Paris SG": 0.6969419603594047,
    "Parma": -0.01650622599161387,
    "Plymouth": 0.07575525340027864,
    "Portimonense": 0.04938518572441484,
    "Porto": 0.3215947240674908,
    "Portsmouth": 0.11051495150490816,
    "Preston": -0.10153464352623709,
    "QPR": 0.030683440195290474,
    "RB Leipzig": 0.1630017863541796,
    "Real Madrid": 0.5338141627683859,
    "Reims": -0.5795186672261872,
    "Rennes": 0.3167832058729826,
    "Rio Ave": 0.09741779881442007,
    "Roma": 0.31558398634822493,
    "Rotherham": 0.011639219954896323,
    "Salernitana": 0.00810455557717189,
    "Santa Clara": -0.07226700738621904,
    "Sassuolo": -0.02826460851176316,
    "Sevilla": -0.012174273160850641,
    "Sheffield United": 0.09199966049497907,
    "Sheffield Weds": 0.015147001615363106,
    "Sociedad": -0.20151807105207498,
    "Southampton": -0.5381039228415635,
    "Sp Braga": 0.282534737181844,
    "Sp Lisbon": 0.686901658064495,
    "Sparta Rotterdam": 0.1511616338934322,
    "St Etienne": 0.16865133886986566,
    "St Pauli": -0.40989144480436485,
    "Stoke": -0.1987061948388706,
    "Strasbourg": 0.23292638718533387,
    "Stuttgart": 0.45863195571237136,
    "Sunderland": -0.32980956333367906,
    "Swansea": 0.052240122011578294,
    "Torino": -0.31506382783973375,
    "Tottenham": 0.040942309129590536,
    "Toulouse": 0.15829005316399583,
    "Twente": 0.29130429486623627,
    "Udinese": -0.2323547829777239,
    "Union Berlin": -0.005593299508208227,
    "Utrecht": 0.31872808038208783,
    "Valencia": 0.11777231130668397,
    "Valladolid": -0.47647835940977556,
    "Vallecano": -0.1057456019759699,
    "Venezia": -0.2516787117276473,
    "Verona": -0.4732000848043933,
    "Villarreal": 0.5074283554476523,
    "Vitesse": 0.07724550932934339,
    "Vizela": 0.017563740403660256,
    "Volendam": -0.037409726032790934,
    "Waalwijk": 0.23874534868498548,
    "Watford": -0.2536978089429972,
    "Werder Bremen": 0.21402988113730417,
    "West Brom": 0.04916709274699816,
    "West Ham": 0.02824068619210379,
    "Willem II": -0.3725166967611432,
    "Wolfsburg": -0.05269584713213661,
    "Wolves": 0.10504876202761637,
    "Zwolle": 0.11735972368069414
  },
  "defence": {
    "AVS": 0.5229854630669137,
    "AZ Alkmaar": -0.08253913353560748,
    "Ajax": -0.11575470215368033,
    "Alaves": -0.304143898934336,
    "Almere City": 0.2305489146638551,
    "Almeria": 0.10153647013116113,
    "Angers": 0.08616017237917271,
    "Arouca": 0.06260414975854374,
    "Arsenal": -0.2815787490906862,
    "Aston Villa": -0.20696264920564658,
    "Atalanta": -0.18080997291088308,
    "Ath Bilbao": -0.6275026400271743,
    "Ath Madrid": -0.2553449632230296,
    "Augsburg": 0.03318860755360232,
    "Auxerre": 0.0589417171266552,
    "Barcelona": -0.11108722999267193,
    "Bayern Munich": -0.2510336440574139,
    "Benfica": -0.3227615026560225,
    "Betis": 0.16586344800498012,
    "Birmingham": -0.08380053586221006,
    "Blackburn": 0.0019865890884663636,
    "Boavista": 0.47037551050189225,
    "Bochum": 0.3084197248511458,
    "Bologna": 0.10801432845746725,
    "Bournemouth": -0.06652562987021214,
    "Brentford": 0.03796749351823867,
    "Brest": 0.38267979780338246,
    "Brighton": 0.22924967445749608,
    "Bristol City": 0.14735923260856534,
    "Burnley": -0.8675852856338007,
    "Cadiz": 0.12303071611196482,
    "Cagliari": 0.16304193414549956,
    "Cardiff": 0.32120231910176605,
    "Casa Pia": 0.06499793616451596,
    "Celta": 0.17266169272502266,
    "Chaves": 0.07349007949028445,
    "Chelsea": -0.3258713253775671,
    "Clermont": 0.15780926479377821,