{
  "attack": {
    "AVS": -0.40817645727622137,
    "AZ Alkmaar": 0.23567797931971843,
    "Ajax": 0.20389486399447268,
    "Alaves": -0.32311277259330085,
    "Almere City": -0.3034610152013514,
    "Almeria": 0.0034211769347994164,
    "Angers": -0.2863961437183551,
    "Arouca": 0.06658223703898226,
    "Arsenal": 0.24662492226076785,
    "Aston Villa": 0.15240054926259664,
    "Atalanta": 0.42916362765815314,
    "Ath Bilbao": -0.06107953328932846,
    "Ath Madrid": 0.47708108886997047,
    "Augsburg": -0.3405750856355445,
    "Auxerre": 0.09592242342616529,
    "Barcelona": 0.6865388745119495,
    "Bayern Munich": 0.6639571645051627,
    "Benfica": 0.6714853627351519,
    "Betis": 0.34744308350454667,
    "Birmingham": -9.919527704337898e-05,
    "Blackburn": 0.04586110563102346,
    "Boavista": -0.21769928431402294,
    "Bochum": -0.17577587040213277,
    "Bologna": 0.12115917239458723,
    "Bournemouth": 0.03070488468531337,
    "Brentford": 0.2813732013106164,
    "Brest": 0.12018054649227192,
    "Brighton": 0.45877640383559815,
    "Bristol City": 0.09870703532816792,
    "Burnley": 0.4379361044695978,
    "Cadiz": -0.0022047144309571237,
    "Cagliari": 0.01086862376690043,
    "Cardiff": -0.14353635485407637,
    "Casa Pia": -0.09569859369722639,
    "Celta": 0.3029483791816341,
    "Chaves": -0.001371376235353986,
    "Chelsea": 0.007710751398451019,
    "Clermont": -0.0007670719480295659,
    "Como": 0.13891503523608148,
    "Coventry": 0.15233705791743882,
    "Crystal Palace": 0.22988082442608174,
    "Darmstadt": -0.0027395556306397616,
    "Derby": -0.11165271094987929,
    "Dortmund": 0.6135580109053806,
    "Ein Frankfurt": 0.32995331992883764,
    "Empoli": -0.094407248507816,
    "Espanol": -0.03516643197617292,
    "Estoril": 0.3738868143931605,
    "Estrela": -0.594820634902914,
    "Everton": 0.020801690856950824,
    "Excelsior": 0.0013639216524108607,
    "FC Koln": -0.0007601173118740004,
    "Famalicao": 0.22032765952154,
    "Farense": -0.13442742708718247,
    "Feyenoord": 0.4650204266967825,
    "Fiorentina": 0.2669816144607651,
    "For Sittard": -0.3359652067882458,
    "Freiburg": 0.12840979340361022,
    "Frosinone": -0.0018666250404389202,
    "Fulham": 0.10118334649802528,
    "Genoa": 0.07676636140318689,
    "Getafe": -0.15652529311913513,
    "Gil Vicente": -0.1392319182102392,
    "Girona": -0.22111754799228556,
    "Go Ahead Eagles": 0.12884483367125416,
    "Granada": -0.0010525051060415772,
    "Groningen": 0.2029100653070289,
    "Guimaraes": 0.09748612223869071,
    "Heerenveen": 0.005886835242438546,
    "Heidenheim": -0.1875007052430284,
    "Heracles": 0.014791539524921132,
    "Hoffenheim": 0.1831166546778188,
    "Holstein Kiel": 0.12363002113858118,
    "Huddersfield": -0.0013675629438401132,
    "Hull": -0.22067955555808844,
    "Inter": 0.3246677767923878,
    "Ipswich": -0.21623077067225785,
    "Juventus": 0.16349869762412447,
    "Las Palmas": -0.3329575652985563,
    "Lazio": 0.10109601177858696,
    "Le Havre": 0.23296082146290273,
    "Lecce": -0.25735310135063116,
    "Leeds": 0.5543603243922417,
    "Leganes": 0.020884943072899294,
    "Leicester": -0.33208434212820176,
    "Lens": 0.1267907589970374,
    "Leverkusen": 0.3249177188323611,
    "Lille": 0.09842075789528958,
    "Liverpool": 0.42309240248751445,
    "Lorient": 0.001099574711582765,
    "Luton": 0.010499362166028387,
    "Lyon": 0.36262820039588256,
    "M'gladbach": 0.18061570089093618,
    "Mainz": 0.19687361417020438,
    "Mallorca": -0.3095433797747243,
    "Man City": 0.32121468720189383,
    "Man United": -0.02733145243268325,
    "Marseille": 0.5234225895775184,
    "Metz": -0.0004005998225336804,
    "Middlesbrough": -0.11794349845643212,
    "Milan": 0.3165053357530539,
    "Millwall": -0.008599410038524234,
    "Monaco": 0.23982381589246432,
    "Montpellier": -0.6873112019959874,
    "Monza": -0.4529448244227852,
    "Moreirense": 0.055855390853817966,
    "NAC Breda": -0.3330033467547589,
    "Nacional": -0.11036946817688245,
    "Nantes": -0.0787177064031502,
    "Napoli": 0.1382785553620905,
    "Newcastle": 0.32842266250685537,
    "Nice": 0.40512054956885857,
    "Nijmegen": 0.21464756403329732,
    "Norwich": 0.2002161933736627,
    "Nott'm Forest": 0.06701510411056491,
    "Osasuna": 0.16182109665774602,
    "Oxford": 0.0161008406471032,
    "PSV Eindhoven": 0.7909637321111512,
    "Paris SG": 0.5815195334444113,
    "Parma": -0.0014399229081679366,
    "Plymouth": 0.12128802339245696,
    "Portimonense": 0.0009794018865646736,
    "Porto": 0.2439431887732912,
    "Portsmouth": 0.13315177909109618,
    "Preston": -0.048542001090172954,
    "QPR": 0.034095559445809255,
    "RB Leipzig": 0.1160852108549101,
    "Real Madrid": 0.43706783172765273,
    "Reims": -0.4502804807641895,
    "Rennes": 0.2951267587149366,
    "Rio Ave": 0.07277445460527196,
    "Roma": 0.2588931713588463,
    "Rotherham": 0.00033741006487919664,
    "Salernitana": 0.000257807267734122,
    "Santa Clara": -0.0049860056133580214,
    "Sassuolo": -0.0007335000409960692,
    "Sevilla": -0.018578409560854107,
    "Sheffield United": 0.08197047278844767,
    "Sheffield Weds": -0.008235234447701563,
    "Sociedad": -0.18402700975827208,
    "Southampton": -0.4402526001780158,
    "Sp Braga": 0.19101808542688303,
    "Sp Lisbon": 0.5767932100035484,
    "Sparta Rotterdam": 0.16320834493535621,
    "St Etienne": 0.15220836717851427,
    "St Pauli": -0.30593112462874006,
    "Stoke": -0.15249217981398813,
    "Strasbourg": 0.190373604538159,
    "Stuttgart": 0.4285177363565835,
    "Sunderland": -0.3287666003586841,
    "Swansea": 0.09861063054326838,
    "Torino": -0.31233029313490096,
    "Tottenham": -0.09269482003488275,
    "Toulouse": 0.12681072349775924,
    "Twente": 0.19259445600376005,
    "Udinese": -0.23034524458022138,
    "Union Berlin": 0.030083441243566808,
    "Utrecht": 0.22804325058190703,
    "Valencia": 0.09145678591600681,
    "Valladolid": -0.38340572822408525,
    "Vallecano": -0.09477976546083426,
    "Venezia": -0.17820638169020842,
    "Verona": -0.3424380523708531,
    "Villarreal": 0.46931275976853537,
    "Vitesse": 0.0014919786271226803,
    "Vizela": 0.0004746236810932986,
    "Volendam": -0.0007045588154953748,
    "Waalwijk": 0.21403071430245643,
    "Watford": -0.2076186674441481,
    "Werder Bremen": 0.18138996512815464,
    "West Brom": 0.08265381279084845,
    "West Ham": 0.031140236805873907,
    "Willem II": -0.2831998440090314,
    "Wolfsburg": -0.13353226428015832,
    "Wolves": 0.05364811300070436,
    "Zwolle": 0.10380161215680128
  },
  "defence": {
    "AVS": 0.5172154378212499,
    "AZ Alkmaar": -0.05595404049977828,
    "Ajax": -0.014833075678658023,
    "Alaves": -0.31877893366585064,
    "Almere City": 0.19661457629579684,
    "Almeria": 0.0020265788763053536,
    "Angers": 0.07562901156779218,
    "Arouca": 0.019245721473126278,
    "Arsenal": -0.15660754247695352,
    "Aston Villa": -0.19245061455170948,
    "Atalanta": -0.06505287013777825,
    "Ath Bilbao": -0.4594883560605466,
    "Ath Madrid": -0.19992569114262385,
    "Augsburg": 0.1261495692735396,
    "Auxerre": 0.08344307334515846,
    "Barcelona": -0.06458741400706003,
    "Bayern Munich": -0.206386752811431,
    "Benfica": -0.24426709009004013,
    "Betis": 0.16316702428557614,
    "Birmingham": -0.0014494709681732254,
    "Blackburn": -0.014039818236815759,
    "Boavista": 0.4382297316214969,
    "Bochum": 0.2547855033389703,
    "Bologna": 0.155905655873751,
    "Bournemouth": -0.024461098842525647,
    "Brentford": 0.06512031530253122,
    "Brest": 0.38759613130477305,
    "Brighton": 0.22111085446036158,
    "Bristol City": 0.15627340044614363,
    "Burnley": -0.5175026618414392,
    "Cadiz": 0.0028574120091316955,
    "Cagliari": 0.14181238475984836,
    "Cardiff": 0.22846617786442297,
    "Casa Pia": 0.05836728780209058,
    "Celta": 0.1620882843324222,
    "Chaves": 0.0016182428834454242,
    "Chelsea": -0.29169898168648417,