{
  "Arsenal": 1845.9112520002343,
  "West Brom": 1481.3227775412347,
  "Birmingham": 1410.7306392255334,
  "Wigan": 1456.1999994695493,
  "Blackpool": 1350.5541404790501,
  "Blackburn": 1512.0598487561933,
  "Fulham": 1621.4370465883553,
  "Everton": 1727.513511986406,
  "Liverpool": 1861.612402386228,
  "Sunderland": 1460.800580957794,
  "Man City": 1873.8601276205209,
  "Chelsea": 1780.6451370059158,
  "West Ham": 1674.7143387039762,
  "Tottenham": 1469.9933211033438,
  "Bolton": 1388.1280844492944,
  "Man United": 1537.013950962612,
  "Newcastle": 1727.0906105043302,
  "Stoke": 1473.0989212777813,
  "Wolves": 1687.1688028627195,
  "Aston Villa": 1762.0276676315345,
  "Swansea": 1550.9609717214753,
  "QPR": 1502.616996106996,
  "Norwich": 1456.4536921712472,
  "Southampton": 1605.0402242561236,
  "Reading": 1360.8487368660838,
  "Cardiff": 1436.872459658913,
  "Hull": 1468.5998277497742,
  "Crystal Palace": 1740.7355938360402,
  "Leicester": 1630.8852162807177,
  "Burnley": 1892.901954429634,
  "Bournemouth": 1692.434646160013,
  "Watford": 1399.8676626180518,
  "Middlesbrough": 1480.2634521403957,
  "Huddersfield": 1354.546027839028,
  "Brighton": 1734.1786549485696,
  "Sheffield United": 1638.5681412745528,
  "Leeds": 1831.560583135239,
  "Brentford": 1733.05694449272,
  "Nott'm Forest": 1689.9910600866933,
  "Luton": 1502.5522334685813,
  "Ipswich": 1681.3068382172669,
  "Barnsley": 1242.6294109123448,
  "Bristol City": 1573.2653619862185,
  "Portsmouth": 1508.1879119143393,
  "Doncaster": 1346.075408794875,
  "Derby": 1496.6363075197823,
  "Millwall": 1568.7251960555084,
  "Preston": 1415.586071500202,
  "Scunthorpe": 1343.2676376615084,
  "Coventry": 1574.2446997007175,
  "Peterboro": 1375.6457265398235,
  "Charlton": 1345.4223045198669,
  "Sheffield Weds": 1471.9938400989452,
  "Yeovil": 1326.8879180114268,
  "Rotherham": 1265.6894910306432,
  "Milton Keynes Dons": 1281.1690788552874,
  "Burton": 1379.8833416347022,
  "Wycombe": 1494.1718952196084,
  "Plymouth": 1471.7339233778473,
  "Oxford": 1481.0141132488636,
  "Sociedad": 1487.9174965799575,
  "Espanol": 1531.873341814687,
  "Valencia": 1600.027832542176,
  "Ath Bilbao": 1757.314796148588,
  "Zaragoza": 1350.2526174259879,
  "Sp Gijon": 1414.393893967773,
  "Almeria": 1400.7419002110946,
  "Malaga": 1339.6744822671096,
  "Barcelona": 1899.6933229482293,
  "Mallorca": 1482.231073413828,
  "Getafe": 1470.793943351817,
  "Hercules": 1334.1233614492912,
  "Osasuna": 1626.4873284904281,
  "Levante": 1562.6472123503772,
  "Real Madrid": 1849.3398142319325,
  "La Coruna": 1392.6254288689317,
  "Sevilla": 1477.615301422445,
  "Ath Madrid": 1740.0072052024188,
  "Villarreal": 1772.6196540563772,
  "Santander": 1252.5248512420133,
  "Vallecano": 1575.4499735363843,
  "Granada": 1328.805310509936,
  "Betis": 1664.834920798147,
  "Celta": 1619.3195770909094,
  "Valladolid": 1207.569235343549,
  "Elche": 1463.5781633936272,
  "Eibar": 1410.2867061954307,
  "Cordoba": 1235.6337753901532,
  "Las Palmas": 1366.183159482786,
  "Leganes": 1510.9916203804926,
  "Alaves": 1541.5947719682226,
  "Girona": 1428.8951257408942,
  "Huesca": 1479.720461006567,
  "Cadiz": 1424.2323411774385,
  "FC Koln": 1443.1291398849742,
  "Hoffenheim": 1497.10773927869,
  "Bayern Munich": 1890.7364777123476,
  "Mainz": 1661.3687976284227,
  "Ein Frankfurt": 1709.5431926502285,
  "Nurnberg": 1246.5999590475246,
  "Schalke 04": 1466.4460082488868,
  "M'gladbach": 1492.1789230751574,
  "St Pauli": 1404.3778426209597,
  "Dortmund": 1772.2558220751066,
  "Stuttgart": 1653.5987437721128,
  "Leverkusen": 1841.0894961890872,
  "Werder Bremen": 1646.6917698332977,
  "Hamburg": 1484.278360133742,
  "Kaiserslautern": 1296.6405706309517,
  "Hannover": 1325.32909411764,
  "Wolfsburg": 1538.8571692805192,
  "Freiburg": 1618.1823520036678,
  "Hertha": 1414.0879101001249,
  "Augsburg": 1516.5692312817946,
  "Fortuna Dusseldorf": 1443.4581585417097,
  "Greuther Furth": 1332.4366852277242,
  "Braunschweig": 1381.4124486775113,
  "Paderborn": 1294.010570804663,
  "Darmstadt": 1275.781812420915,
  "Ingolstadt": 1481.7960109509509,
  "RB Leipzig": 1613.6811911253537,
  "Union Berlin": 1507.7598456987164,
  "Bielefeld": 1433.7612612382902,
  "Bochum": 1424.070871464616,
  "Heidenheim": 1454.7111964712121,
  "Holstein Kiel": 1438.0513478131015,
  "Parma": 1505.490033075,
  "Milan": 1759.7610768255174,
  "Udinese": 1475.2304622641348,
  "Cesena": 1263.8488225953129,
  "Bologna": 1699.847840634413,
  "Sampdoria": 1354.2148863582424,
  "Chievo": 1327.488446354286,
  "Cagliari": 1522.6503487522832,
  "Fiorentina": 1751.837067182246,
  "Palermo": 1348.1995555165017,
  "Genoa": 1610.79232752566,
  "Bari": 1284.7386613946594,
  "Inter": 1942.0697088759305,
  "Juventus": 1788.2744871762263,
  "Lazio": 1743.9311150008061,
  "Brescia": 1296.736537127868,
  "Lecce": 1498.3387678412298,
  "Catania": 1485.614526678187,
  "Napoli": 1853.825155600072,
  "Roma": 1863.3605896140036,
  "Atalanta": 1830.4932410986678,
  "Siena": 1369.9941616272858,
  "Novara": 1419.8028998929651,
  "Torino": 1557.733644130549,
  "Pescara": 1222.5207626374886,
  "Sassuolo": 1409.7478934263488,
  "Verona": 1510.4394366489744,
  "Livorno": 1280.1593799495565,
  "Empoli": 1423.575713570769,
  "Carpi": 1530.7817078600754,
  "Frosinone": 1442.9985440242137,
  "Crotone": 1373.3941672690396,
  "Spal": 1253.8409674477464,
  "Benevento": 1353.0633889246792,
  "Spezia": 1453.7270738303619,
  "Salernitana": 1317.268835010545,
  "Venezia": 1428.3292598807188,
  "Cremonese": 1475.9093482303788,
  "Monza": 1306.018397673089,
  "Como": 1663.9507604739686,
  "Arles": 1302.7593454502262,
  "Marseille": 1697.185973604907,
  "Lorient": 1449.981052717137,
  "Caen": 1388.645916114043,
  "Monaco": 1715.1546140126964,
  "Toulouse": 1588.4494868546992,
  "Nancy": 1406.7118520461356,
  "Brest": 1630.6962428624201,
  "Sochaux": 1536.5604279771846,
  "Nice": 1737.5460360159848,
  "St Etienne": 1464.722528558536,
  "Montpellier": 1271.501133464962,
  "Valenciennes": 1327.2449118454413,
  "Lens": 1635.8252160947814,
  "Bordeaux": 1415.5299805423313,
  "Lyon": 1729.6501885243583,
  "Lille": 1725.3729833787015,
  "Auxerre": 1578.7178885172393,
  "Paris SG": 1942.295238858765,
  "Rennes": 1587.5061063458463,
  "Ajaccio": 1297.2469180601754,
  "Dijon": 1321.7114765155447,
  "Evian Thonon Gaillard": 1393.9933843428123,
  "Bastia": 1435.3169341002283,
  "Reims": 1432.3226861158155,
  "Troyes": 1286.4376521148522,
  "Guingamp": 1406.3755236484278,
  "Nantes": 1481.812839480606,
  "Metz": 1398.8593320072637,
  "Angers": 1468.7982406407202,
  "Ajaccio GFCO": 1440.6340199078966,
  "Strasbourg": 1708.1711005264187,
  "Amiens": 1398.7618703913445,
  "Nimes": 1479.4078786479567,
  "Clermont": 1432.477114147633,
  "Le Havre": 1485.6159055659077,
  "Graafschap": 1421.1786451097764,
  "Heerenveen": 1544.5533171709183,
  "Groningen": 1472.4226052718277,
  "Excelsior": 1389.7373874870252,
  "Vitesse": 1419.1465251711334,
  "NAC Breda": 1365.259824807304,
  "Willem II": 1274.0972861701352,
  "Den Haag": 1309.34362918522,
  "Feyenoord": 1834.660666620064,
  "Ajax": 1804.7774788295712,
  "Heracles": 1497.1743149488902,
  "Twente": 1646.7445891286252,
  "Nijmegen": 1615.1269326224347,
  "AZ Alkmaar": 1709.7528890493074,
  "Roda": 1439.78851295457,
  "PSV Eindhoven": 1929.4332161265202,
  "Utrecht": 1711.557388407724,
  "VVV Venlo": 1277.7501561632664,
  "Waalwijk": 1458.2775102992823,
  "Zwolle": 1576.0652126124276,
  "Cambuur": 1282.7426545488574,
  "Go Ahead Eagles": 1573.9265781224817,
  "Dordrecht": 1325.2334567639148,
  "Sparta Rotterdam": 1577.0717352022407,
  "For Sittard": 1467.423649684929,
  "FC Emmen": 1410.702952906575,
  "Volendam": 1284.6627381762096,
  "Almere City": 1381.3881464587705,
  "Sp Braga": 1825.5950719511745,
  "Naval": 1346.187768525538,
  "Academica": 1378.219736199984,
  "Guimaraes": 1678.9006097547715,
  "Maritimo": 1444.317056260096,
  "Benfica": 1989.3882738500265,
  "Porto": 1806.712014901457,