{
  "Burnley": 1878.1144951914214,
  "Huddersfield": 1340.635743780435,
  "Everton": 1692.3279214541633,
  "Bournemouth": 1701.3419472907854,
  "Leicester": 1591.7115447700344,
  "Liverpool": 1825.6762781950483,
  "Man City": 1838.5013940822366,
  "Crystal Palace": 1705.4409571978122,
  "Southampton": 1577.3066684276553,
  "Man United": 1501.798587156269,
  "Stoke": 1465.4172949307042,
  "Chelsea": 1745.2257957500583,
  "Swansea": 1542.8518534033365,
  "Watford": 1391.2075809142432,
  "West Ham": 1519.9997701566288,
  "Tottenham": 1434.8785879126553,
  "Brighton": 1698.8333339593273,
  "Newcastle": 1691.921011551656,
  "Arsenal": 1810.308311933416,
  "West Brom": 1472.8288526457632,
  "Cardiff": 1399.6791871377625,
  "Fulham": 1629.7452023914088,
  "Wolves": 1688.112411156981,
  "Norwich": 1447.9867293549437,
  "Sheffield United": 1630.1279302868363,
  "Aston Villa": 1726.6197700999944,
  "Leeds": 1822.2181672589882,
  "Brentford": 1730.5263191086688,
  "Nott'm Forest": 1701.8557654034119,
  "Luton": 1494.6636736068506,
  "Ipswich": 1666.2498386560128,
  "Derby": 1490.5149695277985,
  "Hull": 1459.5929457346572,
  "Bolton": 1182.5601986738077,
  "Middlesbrough": 1471.6325415519568,
  "Burton": 1385.6635041547343,
  "Birmingham": 1395.594923837978,
  "Preston": 1407.352342067683,
  "Barnsley": 1253.8391212125136,
  "QPR": 1494.4086658610177,
  "Reading": 1360.2499539620312,
  "Bristol City": 1565.7106091260566,
  "Sheffield Weds": 1463.6401910908337,
  "Sunderland": 1452.2401690943868,
  "Millwall": 1560.14258465436,
  "Wigan": 1380.3610549702496,
  "Rotherham": 1252.8777658872,
  "Blackburn": 1503.9254758454977,
  "Charlton": 1363.8902850906,
  "Coventry": 1565.8579840822606,
  "Wycombe": 1493.110354202935,
  "Blackpool": 1351.552042669773,
  "Peterboro": 1387.5572605316722,
  "Plymouth": 1463.1622026165144,
  "Oxford": 1473.6544526955079,
  "Portsmouth": 1506.0696490793662,
  "Alaves": 1513.2792209608403,
  "Real Madrid": 1820.968513963307,
  "Ath Madrid": 1711.7354667738666,
  "Sevilla": 1449.3258015718486,
  "Girona": 1400.6023962838688,
  "Barcelona": 1871.456332867011,
  "Malaga": 1264.7826015663143,
  "Ath Bilbao": 1729.0359365489214,
  "Eibar": 1377.2604052667098,
  "Celta": 1591.0044669713598,
  "Espanol": 1503.699995132368,
  "La Coruna": 1333.4850782430385,
  "Getafe": 1442.5401403645285,
  "Villarreal": 1744.2795544754958,
  "Las Palmas": 1337.87491134043,
  "Leganes": 1481.5365382317473,
  "Sociedad": 1459.5689519582772,
  "Valencia": 1571.7187135210245,
  "Betis": 1636.643679045696,
  "Levante": 1529.1571981041002,
  "Huesca": 1443.2941534162183,
  "Valladolid": 1179.279705251109,
  "Vallecano": 1547.178913527919,
  "Granada": 1300.344180618414,
  "Mallorca": 1454.0782151134597,
  "Osasuna": 1598.3407092963653,
  "Cadiz": 1396.6447863451767,
  "Elche": 1435.1133741601564,
  "Almeria": 1375.7700590804282,
  "Bayern Munich": 1881.3216031834606,
  "Wolfsburg": 1530.2000688263322,
  "Dortmund": 1766.1674493177018,
  "M'gladbach": 1485.959699364607,
  "Hoffenheim": 1491.4372012017839,
  "Schalke 04": 1437.0223240042071,
  "Mainz": 1654.4554891058467,
  "Hertha": 1386.6041595332406,
  "RB Leipzig": 1604.8886510598259,
  "Ein Frankfurt": 1701.2462921519818,
  "Stuttgart": 1645.1232554340156,
  "Augsburg": 1507.5989540020905,
  "Werder Bremen": 1639.7782152597665,
  "Freiburg": 1610.972593852857,
  "Hannover": 1280.75876575718,
  "FC Koln": 1423.7942097068058,
  "Leverkusen": 1827.6379427578277,
  "Hamburg": 1420.2190058715585,
  "Nurnberg": 1248.7388077836451,
  "Fortuna Dusseldorf": 1409.8163247443201,
  "Union Berlin": 1499.710196434287,
  "Paderborn": 1282.9147537608394,
  "Bielefeld": 1405.9423578387873,
  "Greuther Furth": 1345.2934007378256,
  "Bochum": 1417.4282773770165,
  "Heidenheim": 1447.046489090229,
  "Darmstadt": 1273.4117374519092,
  "Holstein Kiel": 1437.0423202234856,
  "St Pauli": 1437.4694541665654,
  "Juventus": 1747.2805986746146,
  "Torino": 1517.2868348150237,
  "Spal": 1203.2993784982218,
  "Napoli": 1813.5260994605235,
  "Cagliari": 1481.6336922523567,
  "Chievo": 1266.4907805640541,
  "Crotone": 1318.2644245794797,
  "Benevento": 1299.0757959456116,
  "Fiorentina": 1711.2581347248233,
  "Atalanta": 1789.6435252553163,
  "Inter": 1901.364628694498,
  "Genoa": 1570.0063557493413,
  "Sassuolo": 1367.5922751495914,
  "Bologna": 1658.952660885654,
  "Verona": 1469.7509268224787,
  "Lazio": 1703.3187810532481,
  "Udinese": 1434.780986900393,
  "Sampdoria": 1312.9419236995693,
  "Milan": 1719.4044006878103,
  "Roma": 1823.0230793388564,
  "Parma": 1462.30189439258,
  "Frosinone": 1401.7964781607525,
  "Empoli": 1382.9688258336735,
  "Brescia": 1276.136691750159,
  "Lecce": 1458.3962010177574,
  "Spezia": 1412.2138366066442,
  "Salernitana": 1275.4409297420757,
  "Venezia": 1387.9269264792786,
  "Cremonese": 1440.3136257743733,
  "Monza": 1265.5693264204947,
  "Como": 1628.0399800707457,
  "Toulouse": 1570.7970337467395,
  "Bordeaux": 1383.337999663625,
  "Dijon": 1287.8441920192658,
  "St Etienne": 1445.1695315109002,
  "Guingamp": 1344.0495007023878,
  "Lille": 1707.5824761906745,
  "Monaco": 1697.1981112956066,
  "Strasbourg": 1690.6317839499015,
  "Nantes": 1463.811261764272,
  "Caen": 1328.2598026141509,
  "Troyes": 1269.860308777738,
  "Montpellier": 1253.3085033176728,
  "Amiens": 1352.0829927796733,
  "Marseille": 1679.606527340645,
  "Angers": 1451.177446561694,
  "Metz": 1378.1773715619713,
  "Paris SG": 1924.1656762062835,
  "Lyon": 1711.8789157283256,
  "Rennes": 1569.8096800655737,
  "Nice": 1719.520221467117,
  "Nimes": 1442.107955575351,
  "Reims": 1414.6424959982062,
  "Brest": 1613.0308312161844,
  "Lens": 1618.052418061992,
  "Lorient": 1431.5614043965197,
  "Clermont": 1414.3836164052768,
  "Auxerre": 1563.9125504777774,
  "Ajaccio": 1305.9876334222524,
  "Le Havre": 1468.0517571822234,
  "Den Haag": 1274.3470850061155,
  "Sparta Rotterdam": 1574.1989590566377,
  "Feyenoord": 1832.3231149147437,
  "NAC Breda": 1356.0024979603918,
  "Heracles": 1494.20163097083,
  "Roda": 1416.5252722614473,
  "Willem II": 1272.0399801501178,
  "Heerenveen": 1541.81825965541,
  "Ajax": 1802.423652484914,
  "Vitesse": 1418.4901828303086,
  "AZ Alkmaar": 1707.007966330895,
  "Excelsior": 1388.13555135778,
  "Groningen": 1469.8363607700594,
  "Twente": 1644.2647860986972,
  "Utrecht": 1709.2285825878075,
  "PSV Eindhoven": 1926.85709069618,
  "VVV Venlo": 1242.7178640841194,
  "Zwolle": 1572.8077123859111,
  "Graafschap": 1395.4384851061093,
  "For Sittard": 1464.7527370060127,
  "FC Emmen": 1405.3918271570526,
  "Waalwijk": 1454.9551106392635,
  "Go Ahead Eagles": 1571.263187004674,
  "Nijmegen": 1612.3769632718004,
  "Cambuur": 1290.4080567271178,
  "Volendam": 1283.653960411788,
  "Almere City": 1378.5331230738157,
  "Pacos Ferreira": 1420.1694049301534,
  "Setubal": 1370.733278265202,
  "Boavista": 1338.0525595451259,
  "Benfica": 1951.084338687118,
  "Maritimo": 1405.0221160358649,
  "Aves": 1233.3513712534352,
  "Sp Lisbon": 1978.3175346583403,
  "Tondela": 1389.477731419848,
  "Belenenses": 1389.7613442945628,
  "Estoril": 1607.5292670498034,
  "Rio Ave": 1508.763177525935,
  "Porto": 1768.8174200668896,
  "Sp Braga": 1788.1840380391843,
  "Guimaraes": 1641.2878282046936,
  "Chaves": 1357.3715728427844,
  "Moreirense": 1517.326599439239,
  "Portimonense": 1421.2402689870585,
  "Feirense": 1247.2764576985276,
  "Nacional": 1395.3412492932864,
  "Santa Clara": 1604.2165365841836,
  "Gil Vicente": 1456.9000459606036,
  "Famalicao": 1589.6352386201966,
  "Farense": 1426.2577317148803,
  "Arouca": 1546.6836458405771,
  "Vizela": 1369.9195830313208,
  "Casa Pia": 1533.7737149674906,
  "Estrela": 1390.8025730046852,
  "AVS": 1352.70337203901
}